Function,Array_Size,Comparisons
Linear Search,876,1747
Pair Comparison,876,1312
STL minmax_element,876,1312
Linear Search,876,1745
Pair Comparison,876,1312
STL minmax_element,876,1312
Linear Search,876,1740
Pair Comparison,876,1312
STL minmax_element,876,1312
Linear Search,876,1742
Pair Comparison,876,1312
STL minmax_element,876,1312
Linear Search,876,1743
Pair Comparison,876,1312
STL minmax_element,876,1312
Linear Search,876,1745
Pair Comparison,876,1312
STL minmax_element,876,1312
Linear Search,876,1745
Pair Comparison,876,1312
STL minmax_element,876,1312
Linear Search,876,1745
Pair Comparison,876,1312
STL minmax_element,876,1312
Linear Search,876,1183
Pair Comparison,876,1312
STL minmax_element,876,1312
Linear Search,876,1750
Pair Comparison,876,1312
STL minmax_element,876,1312
Linear Search,690,1373
Pair Comparison,690,1033
STL minmax_element,690,1033
Linear Search,690,1372
Pair Comparison,690,1033
STL minmax_element,690,1033
Linear Search,690,1373
Pair Comparison,690,1033
STL minmax_element,690,1033
Linear Search,690,1374
Pair Comparison,690,1033
STL minmax_element,690,1033
Linear Search,690,1373
Pair Comparison,690,1033
STL minmax_element,690,1033
Linear Search,690,1372
Pair Comparison,690,1033
STL minmax_element,690,1033
Linear Search,690,1371
Pair Comparison,690,1033
STL minmax_element,690,1033
Linear Search,690,1373
Pair Comparison,690,1033
STL minmax_element,690,1033
Linear Search,690,879
Pair Comparison,690,1033
STL minmax_element,690,1033
Linear Search,690,1378
Pair Comparison,690,1033
STL minmax_element,690,1033
Linear Search,686,1362
Pair Comparison,686,1027
STL minmax_element,686,1027
Linear Search,686,1365
Pair Comparison,686,1027
STL minmax_element,686,1027
Linear Search,686,1365
Pair Comparison,686,1027
STL minmax_element,686,1027
Linear Search,686,1364
Pair Comparison,686,1027
STL minmax_element,686,1027
Linear Search,686,1366
Pair Comparison,686,1027
STL minmax_element,686,1027
Linear Search,686,1364
Pair Comparison,686,1027
STL minmax_element,686,1027
Linear Search,686,1364
Pair Comparison,686,1027
STL minmax_element,686,1027
Linear Search,686,1362
Pair Comparison,686,1027
STL minmax_element,686,1027
Linear Search,686,863
Pair Comparison,686,1027
STL minmax_element,686,1027
Linear Search,686,1370
Pair Comparison,686,1027
STL minmax_element,686,1027
Linear Search,786,1562
Pair Comparison,786,1177
STL minmax_element,786,1177
Linear Search,786,1565
Pair Comparison,786,1177
STL minmax_element,786,1177
Linear Search,786,1563
Pair Comparison,786,1177
STL minmax_element,786,1177
Linear Search,786,1564
Pair Comparison,786,1177
STL minmax_element,786,1177
Linear Search,786,1565
Pair Comparison,786,1177
STL minmax_element,786,1177
Linear Search,786,1564
Pair Comparison,786,1177
STL minmax_element,786,1177
Linear Search,786,1564
Pair Comparison,786,1177
STL minmax_element,786,1177
Linear Search,786,1564
Pair Comparison,786,1177
STL minmax_element,786,1177
Linear Search,786,1012
Pair Comparison,786,1177
STL minmax_element,786,1177
Linear Search,786,1570
Pair Comparison,786,1177
STL minmax_element,786,1177
Linear Search,687,1366
Pair Comparison,687,1029
STL minmax_element,687,1029
Linear Search,687,1364
Pair Comparison,687,1029
STL minmax_element,687,1029
Linear Search,687,1366
Pair Comparison,687,1029
STL minmax_element,687,1029
Linear Search,687,1367
Pair Comparison,687,1029
STL minmax_element,687,1029
Linear Search,687,1369
Pair Comparison,687,1029
STL minmax_element,687,1029
Linear Search,687,1367
Pair Comparison,687,1029
STL minmax_element,687,1029
Linear Search,687,1366
Pair Comparison,687,1029
STL minmax_element,687,1029
Linear Search,687,1366
Pair Comparison,687,1029
STL minmax_element,687,1029
Linear Search,687,856
Pair Comparison,687,1029
STL minmax_element,687,1029
Linear Search,687,1372
Pair Comparison,687,1029
STL minmax_element,687,1028
Linear Search,600,1193
Pair Comparison,600,898
STL minmax_element,600,898
Linear Search,600,1194
Pair Comparison,600,898
STL minmax_element,600,898
Linear Search,600,1195
Pair Comparison,600,898
STL minmax_element,600,898
Linear Search,600,1190
Pair Comparison,600,898
STL minmax_element,600,898
Linear Search,600,1192
Pair Comparison,600,898
STL minmax_element,600,898
Linear Search,600,1193
Pair Comparison,600,898
STL minmax_element,600,898
Linear Search,600,1194
Pair Comparison,600,898
STL minmax_element,600,898
Linear Search,600,1195
Pair Comparison,600,898
STL minmax_element,600,898
Linear Search,600,742
Pair Comparison,600,898
STL minmax_element,600,898
Linear Search,600,1198
Pair Comparison,600,898
STL minmax_element,600,898
Linear Search,287,571
Pair Comparison,287,429
STL minmax_element,287,429
Linear Search,287,569
Pair Comparison,287,429
STL minmax_element,287,429
Linear Search,287,569
Pair Comparison,287,429
STL minmax_element,287,429
Linear Search,287,564
Pair Comparison,287,429
STL minmax_element,287,429
Linear Search,287,569
Pair Comparison,287,429
STL minmax_element,287,429
Linear Search,287,565
Pair Comparison,287,429
STL minmax_element,287,429
Linear Search,287,564
Pair Comparison,287,429
STL minmax_element,287,429
Linear Search,287,564
Pair Comparison,287,429
STL minmax_element,287,429
Linear Search,287,323
Pair Comparison,287,429
STL minmax_element,287,429
Linear Search,287,572
Pair Comparison,287,429
STL minmax_element,287,428
Linear Search,365,722
Pair Comparison,365,546
STL minmax_element,365,546
Linear Search,365,723
Pair Comparison,365,546
STL minmax_element,365,546
Linear Search,365,719
Pair Comparison,365,546
STL minmax_element,365,546
Linear Search,365,726
Pair Comparison,365,546
STL minmax_element,365,546
Linear Search,365,723
Pair Comparison,365,546
STL minmax_element,365,546
Linear Search,365,721
Pair Comparison,365,546
STL minmax_element,365,546
Linear Search,365,722
Pair Comparison,365,546
STL minmax_element,365,546
Linear Search,365,723
Pair Comparison,365,546
STL minmax_element,365,546
Linear Search,365,432
Pair Comparison,365,546
STL minmax_element,365,546
Linear Search,365,728
Pair Comparison,365,546
STL minmax_element,365,545
Linear Search,213,420
Pair Comparison,213,318
STL minmax_element,213,318
Linear Search,213,420
Pair Comparison,213,318
STL minmax_element,213,318
Linear Search,213,417
Pair Comparison,213,318
STL minmax_element,213,318
Linear Search,213,421
Pair Comparison,213,318
STL minmax_element,213,318
Linear Search,213,418
Pair Comparison,213,318
STL minmax_element,213,318
Linear Search,213,418
Pair Comparison,213,318
STL minmax_element,213,318
Linear Search,213,422
Pair Comparison,213,318
STL minmax_element,213,318
Linear Search,213,415
Pair Comparison,213,318
STL minmax_element,213,318
Linear Search,213,232
Pair Comparison,213,318
STL minmax_element,213,318
Linear Search,213,424
Pair Comparison,213,318
STL minmax_element,213,317
Linear Search,112,219
Pair Comparison,112,166
STL minmax_element,112,166
Linear Search,112,218
Pair Comparison,112,166
STL minmax_element,112,166
Linear Search,112,216
Pair Comparison,112,166
STL minmax_element,112,166
Linear Search,112,216
Pair Comparison,112,166
STL minmax_element,112,166
Linear Search,112,215
Pair Comparison,112,166
STL minmax_element,112,166
Linear Search,112,220
Pair Comparison,112,166
STL minmax_element,112,166
Linear Search,112,219
Pair Comparison,112,166
STL minmax_element,112,166
Linear Search,112,217
Pair Comparison,112,166
STL minmax_element,112,166
Linear Search,112,117
Pair Comparison,112,166
STL minmax_element,112,166
Linear Search,112,222
Pair Comparison,112,166
STL minmax_element,112,166
Linear Search,158,312
Pair Comparison,158,235
STL minmax_element,158,235
Linear Search,158,312
Pair Comparison,158,235
STL minmax_element,158,235
Linear Search,158,311
Pair Comparison,158,235
STL minmax_element,158,235
Linear Search,158,309
Pair Comparison,158,235
STL minmax_element,158,235
Linear Search,158,309
Pair Comparison,158,235
STL minmax_element,158,235
Linear Search,158,310
Pair Comparison,158,235
STL minmax_element,158,235
Linear Search,158,312
Pair Comparison,158,235
STL minmax_element,158,235
Linear Search,158,310
Pair Comparison,158,235
STL minmax_element,158,235
Linear Search,158,165
Pair Comparison,158,235
STL minmax_element,158,235
Linear Search,158,314
Pair Comparison,158,235
STL minmax_element,158,235
Linear Search,734,1462
Pair Comparison,734,1099
STL minmax_element,734,1099
Linear Search,734,1458
Pair Comparison,734,1099
STL minmax_element,734,1099
Linear Search,734,1463
Pair Comparison,734,1099
STL minmax_element,734,1099
Linear Search,734,1461
Pair Comparison,734,1099
STL minmax_element,734,1099
Linear Search,734,1459
Pair Comparison,734,1099
STL minmax_element,734,1099
Linear Search,734,1452
Pair Comparison,734,1099
STL minmax_element,734,1099
Linear Search,734,1459
Pair Comparison,734,1099
STL minmax_element,734,1099
Linear Search,734,1459
Pair Comparison,734,1099
STL minmax_element,734,1099
Linear Search,734,949
Pair Comparison,734,1099
STL minmax_element,734,1099
Linear Search,734,1466
Pair Comparison,734,1099
STL minmax_element,734,1099
Linear Search,361,715
Pair Comparison,361,540
STL minmax_element,361,540
Linear Search,361,716
Pair Comparison,361,540
STL minmax_element,361,540
Linear Search,361,715
Pair Comparison,361,540
STL minmax_element,361,540
Linear Search,361,717
Pair Comparison,361,540
STL minmax_element,361,540
Linear Search,361,715
Pair Comparison,361,540
STL minmax_element,361,540
Linear Search,361,716
Pair Comparison,361,540
STL minmax_element,361,540
Linear Search,361,715
Pair Comparison,361,540
STL minmax_element,361,540
Linear Search,361,717
Pair Comparison,361,540
STL minmax_element,361,540
Linear Search,361,423
Pair Comparison,361,540
STL minmax_element,361,540
Linear Search,361,720
Pair Comparison,361,540
STL minmax_element,361,539
Linear Search,504,996
Pair Comparison,504,754
STL minmax_element,504,754
Linear Search,504,1000
Pair Comparison,504,754
STL minmax_element,504,754
Linear Search,504,998
Pair Comparison,504,754
STL minmax_element,504,754
Linear Search,504,996
Pair Comparison,504,754
STL minmax_element,504,754
Linear Search,504,1001
Pair Comparison,504,754
STL minmax_element,504,754
Linear Search,504,1004
Pair Comparison,504,754
STL minmax_element,504,754
Linear Search,504,1000
Pair Comparison,504,754
STL minmax_element,504,754
Linear Search,504,1000
Pair Comparison,504,754
STL minmax_element,504,754
Linear Search,504,598
Pair Comparison,504,754
STL minmax_element,504,754
Linear Search,504,1006
Pair Comparison,504,754
STL minmax_element,504,754
Linear Search,989,1969
Pair Comparison,989,1482
STL minmax_element,989,1482
Linear Search,989,1970
Pair Comparison,989,1482
STL minmax_element,989,1482
Linear Search,989,1969
Pair Comparison,989,1482
STL minmax_element,989,1482
Linear Search,989,1973
Pair Comparison,989,1482
STL minmax_element,989,1482
Linear Search,989,1970
Pair Comparison,989,1482
STL minmax_element,989,1482
Linear Search,989,1971
Pair Comparison,989,1482
STL minmax_element,989,1482
Linear Search,989,1969
Pair Comparison,989,1482
STL minmax_element,989,1482
Linear Search,989,1971
Pair Comparison,989,1482
STL minmax_element,989,1482
Linear Search,989,1345
Pair Comparison,989,1482
STL minmax_element,989,1482
Linear Search,989,1976
Pair Comparison,989,1482
STL minmax_element,989,1482
Linear Search,268,530
Pair Comparison,268,400
STL minmax_element,268,400
Linear Search,268,530
Pair Comparison,268,400
STL minmax_element,268,400
Linear Search,268,530
Pair Comparison,268,400
STL minmax_element,268,400
Linear Search,268,528
Pair Comparison,268,400
STL minmax_element,268,400
Linear Search,268,528
Pair Comparison,268,400
STL minmax_element,268,400
Linear Search,268,528
Pair Comparison,268,400
STL minmax_element,268,400
Linear Search,268,532
Pair Comparison,268,400
STL minmax_element,268,400
Linear Search,268,531
Pair Comparison,268,400
STL minmax_element,268,400
Linear Search,268,299
Pair Comparison,268,400
STL minmax_element,268,400
Linear Search,268,534
Pair Comparison,268,400
STL minmax_element,268,400
Linear Search,566,1125
Pair Comparison,566,847
STL minmax_element,566,847
Linear Search,566,1126
Pair Comparison,566,847
STL minmax_element,566,847
Linear Search,566,1127
Pair Comparison,566,847
STL minmax_element,566,847
Linear Search,566,1121
Pair Comparison,566,847
STL minmax_element,566,847
Linear Search,566,1125
Pair Comparison,566,847
STL minmax_element,566,847
Linear Search,566,1122
Pair Comparison,566,847
STL minmax_element,566,847
Linear Search,566,1122
Pair Comparison,566,847
STL minmax_element,566,847
Linear Search,566,1123
Pair Comparison,566,847
STL minmax_element,566,847
Linear Search,566,693
Pair Comparison,566,847
STL minmax_element,566,847
Linear Search,566,1130
Pair Comparison,566,847
STL minmax_element,566,847
Linear Search,300,593
Pair Comparison,300,448
STL minmax_element,300,448
Linear Search,300,594
Pair Comparison,300,448
STL minmax_element,300,448
Linear Search,300,591
Pair Comparison,300,448
STL minmax_element,300,448
Linear Search,300,593
Pair Comparison,300,448
STL minmax_element,300,448
Linear Search,300,594
Pair Comparison,300,448
STL minmax_element,300,448
Linear Search,300,591
Pair Comparison,300,448
STL minmax_element,300,448
Linear Search,300,593
Pair Comparison,300,448
STL minmax_element,300,448
Linear Search,300,595
Pair Comparison,300,448
STL minmax_element,300,448
Linear Search,300,333
Pair Comparison,300,448
STL minmax_element,300,448
Linear Search,300,598
Pair Comparison,300,448
STL minmax_element,300,448
Linear Search,198,388
Pair Comparison,198,295
STL minmax_element,198,295
Linear Search,198,392
Pair Comparison,198,295
STL minmax_element,198,295
Linear Search,198,385
Pair Comparison,198,295
STL minmax_element,198,295
Linear Search,198,388
Pair Comparison,198,295
STL minmax_element,198,295
Linear Search,198,391
Pair Comparison,198,295
STL minmax_element,198,295
Linear Search,198,390
Pair Comparison,198,295
STL minmax_element,198,295
Linear Search,198,387
Pair Comparison,198,295
STL minmax_element,198,295
Linear Search,198,387
Pair Comparison,198,295
STL minmax_element,198,295
Linear Search,198,213
Pair Comparison,198,295
STL minmax_element,198,295
Linear Search,198,394
Pair Comparison,198,295
STL minmax_element,198,295
Linear Search,819,1634
Pair Comparison,819,1227
STL minmax_element,819,1227
Linear Search,819,1632
Pair Comparison,819,1227
STL minmax_element,819,1227
Linear Search,819,1627
Pair Comparison,819,1227
STL minmax_element,819,1227
Linear Search,819,1632
Pair Comparison,819,1227
STL minmax_element,819,1227
Linear Search,819,1633
Pair Comparison,819,1227
STL minmax_element,819,1227
Linear Search,819,1628
Pair Comparison,819,1227
STL minmax_element,819,1227
Linear Search,819,1634
Pair Comparison,819,1227
STL minmax_element,819,1227
Linear Search,819,1628
Pair Comparison,819,1227
STL minmax_element,819,1227
Linear Search,819,1091
Pair Comparison,819,1227
STL minmax_element,819,1227
Linear Search,819,1636
Pair Comparison,819,1227
STL minmax_element,819,1227
Linear Search,938,1866
Pair Comparison,938,1405
STL minmax_element,938,1405
Linear Search,938,1865
Pair Comparison,938,1405
STL minmax_element,938,1405
Linear Search,938,1869
Pair Comparison,938,1405
STL minmax_element,938,1405
Linear Search,938,1869
Pair Comparison,938,1405
STL minmax_element,938,1405
Linear Search,938,1870
Pair Comparison,938,1405
STL minmax_element,938,1405
Linear Search,938,1865
Pair Comparison,938,1405
STL minmax_element,938,1405
Linear Search,938,1867
Pair Comparison,938,1405
STL minmax_element,938,1405
Linear Search,938,1865
Pair Comparison,938,1405
STL minmax_element,938,1405
Linear Search,938,1276
Pair Comparison,938,1405
STL minmax_element,938,1405
Linear Search,938,1874
Pair Comparison,938,1405
STL minmax_element,938,1405
Linear Search,352,698
Pair Comparison,352,526
STL minmax_element,352,526
Linear Search,352,699
Pair Comparison,352,526
STL minmax_element,352,526
Linear Search,352,700
Pair Comparison,352,526
STL minmax_element,352,526
Linear Search,352,695
Pair Comparison,352,526
STL minmax_element,352,526
Linear Search,352,694
Pair Comparison,352,526
STL minmax_element,352,526
Linear Search,352,695
Pair Comparison,352,526
STL minmax_element,352,526
Linear Search,352,694
Pair Comparison,352,526
STL minmax_element,352,526
Linear Search,352,694
Pair Comparison,352,526
STL minmax_element,352,526
Linear Search,352,405
Pair Comparison,352,526
STL minmax_element,352,526
Linear Search,352,702
Pair Comparison,352,526
STL minmax_element,352,526
Linear Search,489,965
Pair Comparison,489,732
STL minmax_element,489,732
Linear Search,489,970
Pair Comparison,489,732
STL minmax_element,489,732
Linear Search,489,971
Pair Comparison,489,732
STL minmax_element,489,732
Linear Search,489,970
Pair Comparison,489,732
STL minmax_element,489,732
Linear Search,489,973
Pair Comparison,489,732
STL minmax_element,489,732
Linear Search,489,969
Pair Comparison,489,732
STL minmax_element,489,732
Linear Search,489,971
Pair Comparison,489,732
STL minmax_element,489,732
Linear Search,489,969
Pair Comparison,489,732
STL minmax_element,489,732
Linear Search,489,582
Pair Comparison,489,732
STL minmax_element,489,732
Linear Search,489,976
Pair Comparison,489,732
STL minmax_element,489,731
Linear Search,22,39
Pair Comparison,22,31
STL minmax_element,22,31
Linear Search,22,38
Pair Comparison,22,31
STL minmax_element,22,31
Linear Search,22,40
Pair Comparison,22,31
STL minmax_element,22,31
Linear Search,22,39
Pair Comparison,22,31
STL minmax_element,22,31
Linear Search,22,41
Pair Comparison,22,31
STL minmax_element,22,31
Linear Search,22,40
Pair Comparison,22,31
STL minmax_element,22,31
Linear Search,22,40
Pair Comparison,22,31
STL minmax_element,22,31
Linear Search,22,39
Pair Comparison,22,31
STL minmax_element,22,31
Linear Search,22,21
Pair Comparison,22,31
STL minmax_element,22,31
Linear Search,22,42
Pair Comparison,22,31
STL minmax_element,22,31
Linear Search,396,783
Pair Comparison,396,592
STL minmax_element,396,592
Linear Search,396,787
Pair Comparison,396,592
STL minmax_element,396,592
Linear Search,396,781
Pair Comparison,396,592
STL minmax_element,396,592
Linear Search,396,783
Pair Comparison,396,592
STL minmax_element,396,592
Linear Search,396,786
Pair Comparison,396,592
STL minmax_element,396,592
Linear Search,396,784
Pair Comparison,396,592
STL minmax_element,396,592
Linear Search,396,788
Pair Comparison,396,592
STL minmax_element,396,592
Linear Search,396,783
Pair Comparison,396,592
STL minmax_element,396,592
Linear Search,396,472
Pair Comparison,396,592
STL minmax_element,396,592
Linear Search,396,790
Pair Comparison,396,592
STL minmax_element,396,592
Linear Search,112,219
Pair Comparison,112,166
STL minmax_element,112,166
Linear Search,112,218
Pair Comparison,112,166
STL minmax_element,112,166
Linear Search,112,219
Pair Comparison,112,166
STL minmax_element,112,166
Linear Search,112,217
Pair Comparison,112,166
STL minmax_element,112,166
Linear Search,112,217
Pair Comparison,112,166
STL minmax_element,112,166
Linear Search,112,220
Pair Comparison,112,166
STL minmax_element,112,166
Linear Search,112,219
Pair Comparison,112,166
STL minmax_element,112,166
Linear Search,112,220
Pair Comparison,112,166
STL minmax_element,112,166
Linear Search,112,119
Pair Comparison,112,166
STL minmax_element,112,166
Linear Search,112,222
Pair Comparison,112,166
STL minmax_element,112,166
Linear Search,422,831
Pair Comparison,422,631
STL minmax_element,422,631
Linear Search,422,837
Pair Comparison,422,631
STL minmax_element,422,631
Linear Search,422,836
Pair Comparison,422,631
STL minmax_element,422,631
Linear Search,422,839
Pair Comparison,422,631
STL minmax_element,422,631
Linear Search,422,839
Pair Comparison,422,631
STL minmax_element,422,631
Linear Search,422,837
Pair Comparison,422,631
STL minmax_element,422,631
Linear Search,422,834
Pair Comparison,422,631
STL minmax_element,422,631
Linear Search,422,837
Pair Comparison,422,631
STL minmax_element,422,631
Linear Search,422,500
Pair Comparison,422,631
STL minmax_element,422,631
Linear Search,422,842
Pair Comparison,422,631
STL minmax_element,422,631
Linear Search,280,551
Pair Comparison,280,418
STL minmax_element,280,418
Linear Search,280,552
Pair Comparison,280,418
STL minmax_element,280,418
Linear Search,280,554
Pair Comparison,280,418
STL minmax_element,280,418
Linear Search,280,556
Pair Comparison,280,418
STL minmax_element,280,418
Linear Search,280,554
Pair Comparison,280,418
STL minmax_element,280,418
Linear Search,280,556
Pair Comparison,280,418
STL minmax_element,280,418
Linear Search,280,552
Pair Comparison,280,418
STL minmax_element,280,418
Linear Search,280,554
Pair Comparison,280,418
STL minmax_element,280,418
Linear Search,280,307
Pair Comparison,280,418
STL minmax_element,280,418
Linear Search,280,558
Pair Comparison,280,418
STL minmax_element,280,418
Linear Search,249,490
Pair Comparison,249,372
STL minmax_element,249,372
Linear Search,249,490
Pair Comparison,249,372
STL minmax_element,249,372
Linear Search,249,491
Pair Comparison,249,372
STL minmax_element,249,372
Linear Search,249,492
Pair Comparison,249,372
STL minmax_element,249,372
Linear Search,249,493
Pair Comparison,249,372
STL minmax_element,249,372
Linear Search,249,491
Pair Comparison,249,372
STL minmax_element,249,372
Linear Search,249,492
Pair Comparison,249,372
STL minmax_element,249,372
Linear Search,249,490
Pair Comparison,249,372
STL minmax_element,249,372
Linear Search,249,281
Pair Comparison,249,372
STL minmax_element,249,372
Linear Search,249,496
Pair Comparison,249,372
STL minmax_element,249,371
Linear Search,130,249
Pair Comparison,130,193
STL minmax_element,130,193
Linear Search,130,249
Pair Comparison,130,193
STL minmax_element,130,193
Linear Search,130,249
Pair Comparison,130,193
STL minmax_element,130,193
Linear Search,130,252
Pair Comparison,130,193
STL minmax_element,130,193
Linear Search,130,254
Pair Comparison,130,193
STL minmax_element,130,193
Linear Search,130,254
Pair Comparison,130,193
STL minmax_element,130,193
Linear Search,130,255
Pair Comparison,130,193
STL minmax_element,130,193
Linear Search,130,252
Pair Comparison,130,193
STL minmax_element,130,193
Linear Search,130,136
Pair Comparison,130,193
STL minmax_element,130,193
Linear Search,130,258
Pair Comparison,130,193
STL minmax_element,130,193
Linear Search,442,878
Pair Comparison,442,661
STL minmax_element,442,661
Linear Search,442,874
Pair Comparison,442,661
STL minmax_element,442,661
Linear Search,442,875
Pair Comparison,442,661
STL minmax_element,442,661
Linear Search,442,879
Pair Comparison,442,661
STL minmax_element,442,661
Linear Search,442,874
Pair Comparison,442,661
STL minmax_element,442,661
Linear Search,442,876
Pair Comparison,442,661
STL minmax_element,442,661
Linear Search,442,876
Pair Comparison,442,661
STL minmax_element,442,661
Linear Search,442,876
Pair Comparison,442,661
STL minmax_element,442,661
Linear Search,442,523
Pair Comparison,442,661
STL minmax_element,442,661
Linear Search,442,882
Pair Comparison,442,661
STL minmax_element,442,661
Linear Search,602,1198
Pair Comparison,602,901
STL minmax_element,602,901
Linear Search,602,1197
Pair Comparison,602,901
STL minmax_element,602,901
Linear Search,602,1198
Pair Comparison,602,901
STL minmax_element,602,901
Linear Search,602,1195
Pair Comparison,602,901
STL minmax_element,602,901
Linear Search,602,1190
Pair Comparison,602,901
STL minmax_element,602,901
Linear Search,602,1198
Pair Comparison,602,901
STL minmax_element,602,901
Linear Search,602,1197
Pair Comparison,602,901
STL minmax_element,602,901
Linear Search,602,1198
Pair Comparison,602,901
STL minmax_element,602,901
Linear Search,602,742
Pair Comparison,602,901
STL minmax_element,602,901
Linear Search,602,1202
Pair Comparison,602,901
STL minmax_element,602,901
Linear Search,310,610
Pair Comparison,310,463
STL minmax_element,310,463
Linear Search,310,613
Pair Comparison,310,463
STL minmax_element,310,463
Linear Search,310,614
Pair Comparison,310,463
STL minmax_element,310,463
Linear Search,310,615
Pair Comparison,310,463
STL minmax_element,310,463
Linear Search,310,614
Pair Comparison,310,463
STL minmax_element,310,463
Linear Search,310,610
Pair Comparison,310,463
STL minmax_element,310,463
Linear Search,310,615
Pair Comparison,310,463
STL minmax_element,310,463
Linear Search,310,612
Pair Comparison,310,463
STL minmax_element,310,463
Linear Search,310,349
Pair Comparison,310,463
STL minmax_element,310,463
Linear Search,310,618
Pair Comparison,310,463
STL minmax_element,310,463
Linear Search,413,821
Pair Comparison,413,618
STL minmax_element,413,618
Linear Search,413,819
Pair Comparison,413,618
STL minmax_element,413,618
Linear Search,413,821
Pair Comparison,413,618
STL minmax_element,413,618
Linear Search,413,819
Pair Comparison,413,618
STL minmax_element,413,618
Linear Search,413,823
Pair Comparison,413,618
STL minmax_element,413,618
Linear Search,413,816
Pair Comparison,413,618
STL minmax_element,413,618
Linear Search,413,817
Pair Comparison,413,618
STL minmax_element,413,618
Linear Search,413,820
Pair Comparison,413,618
STL minmax_element,413,618
Linear Search,413,479
Pair Comparison,413,618
STL minmax_element,413,618
Linear Search,413,824
Pair Comparison,413,618
STL minmax_element,413,617
Linear Search,571,1135
Pair Comparison,571,855
STL minmax_element,571,855
Linear Search,571,1139
Pair Comparison,571,855
STL minmax_element,571,855
Linear Search,571,1138
Pair Comparison,571,855
STL minmax_element,571,855
Linear Search,571,1135
Pair Comparison,571,855
STL minmax_element,571,855
Linear Search,571,1135
Pair Comparison,571,855
STL minmax_element,571,855
Linear Search,571,1137
Pair Comparison,571,855
STL minmax_element,571,855
Linear Search,571,1132
Pair Comparison,571,855
STL minmax_element,571,855
Linear Search,571,1136
Pair Comparison,571,855
STL minmax_element,571,855
Linear Search,571,703
Pair Comparison,571,855
STL minmax_element,571,855
Linear Search,571,1140
Pair Comparison,571,855
STL minmax_element,571,854
Linear Search,555,1106
Pair Comparison,555,831
STL minmax_element,555,831
Linear Search,555,1101
Pair Comparison,555,831
STL minmax_element,555,831
Linear Search,555,1103
Pair Comparison,555,831
STL minmax_element,555,831
Linear Search,555,1102
Pair Comparison,555,831
STL minmax_element,555,831
Linear Search,555,1104
Pair Comparison,555,831
STL minmax_element,555,831
Linear Search,555,1103
Pair Comparison,555,831
STL minmax_element,555,831
Linear Search,555,1101
Pair Comparison,555,831
STL minmax_element,555,831
Linear Search,555,1102
Pair Comparison,555,831
STL minmax_element,555,831
Linear Search,555,691
Pair Comparison,555,831
STL minmax_element,555,831
Linear Search,555,1108
Pair Comparison,555,831
STL minmax_element,555,830
Linear Search,64,122
Pair Comparison,64,94
STL minmax_element,64,94
Linear Search,64,122
Pair Comparison,64,94
STL minmax_element,64,94
Linear Search,64,125
Pair Comparison,64,94
STL minmax_element,64,94
Linear Search,64,121
Pair Comparison,64,94
STL minmax_element,64,94
Linear Search,64,123
Pair Comparison,64,94
STL minmax_element,64,94
Linear Search,64,123
Pair Comparison,64,94
STL minmax_element,64,94
Linear Search,64,124
Pair Comparison,64,94
STL minmax_element,64,94
Linear Search,64,121
Pair Comparison,64,94
STL minmax_element,64,94
Linear Search,64,64
Pair Comparison,64,94
STL minmax_element,64,94
Linear Search,64,126
Pair Comparison,64,94
STL minmax_element,64,94
Linear Search,417,828
Pair Comparison,417,624
STL minmax_element,417,624
Linear Search,417,827
Pair Comparison,417,624
STL minmax_element,417,624
Linear Search,417,824
Pair Comparison,417,624
STL minmax_element,417,624
Linear Search,417,823
Pair Comparison,417,624
STL minmax_element,417,624
Linear Search,417,829
Pair Comparison,417,624
STL minmax_element,417,624
Linear Search,417,828
Pair Comparison,417,624
STL minmax_element,417,624
Linear Search,417,825
Pair Comparison,417,624
STL minmax_element,417,624
Linear Search,417,830
Pair Comparison,417,624
STL minmax_element,417,624
Linear Search,417,489
Pair Comparison,417,624
STL minmax_element,417,624
Linear Search,417,832
Pair Comparison,417,624
STL minmax_element,417,624
Linear Search,101,197
Pair Comparison,101,150
STL minmax_element,101,150
Linear Search,101,196
Pair Comparison,101,150
STL minmax_element,101,150
Linear Search,101,190
Pair Comparison,101,150
STL minmax_element,101,150
Linear Search,101,197
Pair Comparison,101,150
STL minmax_element,101,150
Linear Search,101,195
Pair Comparison,101,150
STL minmax_element,101,150
Linear Search,101,195
Pair Comparison,101,150
STL minmax_element,101,150
Linear Search,101,199
Pair Comparison,101,150
STL minmax_element,101,150
Linear Search,101,196
Pair Comparison,101,150
STL minmax_element,101,149
Linear Search,101,108
Pair Comparison,101,150
STL minmax_element,101,150
Linear Search,101,200
Pair Comparison,101,150
STL minmax_element,101,149
Linear Search,595,1182
Pair Comparison,595,891
STL minmax_element,595,891
Linear Search,595,1181
Pair Comparison,595,891
STL minmax_element,595,891
Linear Search,595,1182
Pair Comparison,595,891
STL minmax_element,595,891
Linear Search,595,1183
Pair Comparison,595,891
STL minmax_element,595,891
Linear Search,595,1185
Pair Comparison,595,891
STL minmax_element,595,891
Linear Search,595,1182
Pair Comparison,595,891
STL minmax_element,595,891
Linear Search,595,1185
Pair Comparison,595,891
STL minmax_element,595,891
Linear Search,595,1186
Pair Comparison,595,891
STL minmax_element,595,891
Linear Search,595,731
Pair Comparison,595,891
STL minmax_element,595,891
Linear Search,595,1188
Pair Comparison,595,891
STL minmax_element,595,891
Linear Search,550,1094
Pair Comparison,550,823
STL minmax_element,550,823
Linear Search,550,1093
Pair Comparison,550,823
STL minmax_element,550,823
Linear Search,550,1095
Pair Comparison,550,823
STL minmax_element,550,823
Linear Search,550,1093
Pair Comparison,550,823
STL minmax_element,550,823
Linear Search,550,1096
Pair Comparison,550,823
STL minmax_element,550,823
Linear Search,550,1096
Pair Comparison,550,823
STL minmax_element,550,823
Linear Search,550,1095
Pair Comparison,550,823
STL minmax_element,550,823
Linear Search,550,1091
Pair Comparison,550,823
STL minmax_element,550,823
Linear Search,550,672
Pair Comparison,550,823
STL minmax_element,550,823
Linear Search,550,1098
Pair Comparison,550,823
STL minmax_element,550,823
Linear Search,317,629
Pair Comparison,317,474
STL minmax_element,317,474
Linear Search,317,627
Pair Comparison,317,474
STL minmax_element,317,474
Linear Search,317,626
Pair Comparison,317,474
STL minmax_element,317,474
Linear Search,317,629
Pair Comparison,317,474
STL minmax_element,317,474
Linear Search,317,628
Pair Comparison,317,474
STL minmax_element,317,474
Linear Search,317,629
Pair Comparison,317,474
STL minmax_element,317,474
Linear Search,317,630
Pair Comparison,317,474
STL minmax_element,317,474
Linear Search,317,628
Pair Comparison,317,474
STL minmax_element,317,474
Linear Search,317,365
Pair Comparison,317,474
STL minmax_element,317,474
Linear Search,317,632
Pair Comparison,317,474
STL minmax_element,317,473
Linear Search,781,1554
Pair Comparison,781,1170
STL minmax_element,781,1170
Linear Search,781,1554
Pair Comparison,781,1170
STL minmax_element,781,1170
Linear Search,781,1554
Pair Comparison,781,1170
STL minmax_element,781,1170
Linear Search,781,1553
Pair Comparison,781,1170
STL minmax_element,781,1170
Linear Search,781,1555
Pair Comparison,781,1170
STL minmax_element,781,1170
Linear Search,781,1557
Pair Comparison,781,1170
STL minmax_element,781,1170
Linear Search,781,1555
Pair Comparison,781,1170
STL minmax_element,781,1170
Linear Search,781,1555
Pair Comparison,781,1170
STL minmax_element,781,1170
Linear Search,781,1017
Pair Comparison,781,1170
STL minmax_element,781,1170
Linear Search,781,1560
Pair Comparison,781,1170
STL minmax_element,781,1169
Linear Search,709,1409
Pair Comparison,709,1062
STL minmax_element,709,1062
Linear Search,709,1411
Pair Comparison,709,1062
STL minmax_element,709,1062
Linear Search,709,1411
Pair Comparison,709,1062
STL minmax_element,709,1062
Linear Search,709,1410
Pair Comparison,709,1062
STL minmax_element,709,1062
Linear Search,709,1408
Pair Comparison,709,1062
STL minmax_element,709,1062
Linear Search,709,1415
Pair Comparison,709,1062
STL minmax_element,709,1062
Linear Search,709,1412
Pair Comparison,709,1062
STL minmax_element,709,1062
Linear Search,709,1409
Pair Comparison,709,1062
STL minmax_element,709,1062
Linear Search,709,903
Pair Comparison,709,1062
STL minmax_element,709,1062
Linear Search,709,1416
Pair Comparison,709,1062
STL minmax_element,709,1061
Linear Search,294,582
Pair Comparison,294,439
STL minmax_element,294,439
Linear Search,294,579
Pair Comparison,294,439
STL minmax_element,294,439
Linear Search,294,582
Pair Comparison,294,439
STL minmax_element,294,439
Linear Search,294,584
Pair Comparison,294,439
STL minmax_element,294,439
Linear Search,294,582
Pair Comparison,294,439
STL minmax_element,294,439
Linear Search,294,583
Pair Comparison,294,439
STL minmax_element,294,439
Linear Search,294,579
Pair Comparison,294,439
STL minmax_element,294,439
Linear Search,294,580
Pair Comparison,294,439
STL minmax_element,294,439
Linear Search,294,329
Pair Comparison,294,439
STL minmax_element,294,439
Linear Search,294,586
Pair Comparison,294,439
STL minmax_element,294,439
Linear Search,214,420
Pair Comparison,214,319
STL minmax_element,214,319
Linear Search,214,422
Pair Comparison,214,319
STL minmax_element,214,319
Linear Search,214,420
Pair Comparison,214,319
STL minmax_element,214,319
Linear Search,214,419
Pair Comparison,214,319
STL minmax_element,214,319
Linear Search,214,424
Pair Comparison,214,319
STL minmax_element,214,319
Linear Search,214,420
Pair Comparison,214,319
STL minmax_element,214,319
Linear Search,214,418
Pair Comparison,214,319
STL minmax_element,214,319
Linear Search,214,418
Pair Comparison,214,319
STL minmax_element,214,319
Linear Search,214,237
Pair Comparison,214,319
STL minmax_element,214,319
Linear Search,214,426
Pair Comparison,214,319
STL minmax_element,214,319
Linear Search,46,84
Pair Comparison,46,67
STL minmax_element,46,67
Linear Search,46,88
Pair Comparison,46,67
STL minmax_element,46,67
Linear Search,46,88
Pair Comparison,46,67
STL minmax_element,46,67
Linear Search,46,87
Pair Comparison,46,67
STL minmax_element,46,67
Linear Search,46,87
Pair Comparison,46,67
STL minmax_element,46,67
Linear Search,46,87
Pair Comparison,46,67
STL minmax_element,46,67
Linear Search,46,87
Pair Comparison,46,67
STL minmax_element,46,67
Linear Search,46,86
Pair Comparison,46,67
STL minmax_element,46,67
Linear Search,46,46
Pair Comparison,46,67
STL minmax_element,46,67
Linear Search,46,90
Pair Comparison,46,67
STL minmax_element,46,67
Linear Search,599,1187
Pair Comparison,599,897
STL minmax_element,599,897
Linear Search,599,1189
Pair Comparison,599,897
STL minmax_element,599,897
Linear Search,599,1192
Pair Comparison,599,897
STL minmax_element,599,897
Linear Search,599,1192
Pair Comparison,599,897
STL minmax_element,599,897
Linear Search,599,1186
Pair Comparison,599,897
STL minmax_element,599,897
Linear Search,599,1189
Pair Comparison,599,897
STL minmax_element,599,897
Linear Search,599,1189
Pair Comparison,599,897
STL minmax_element,599,897
Linear Search,599,1188
Pair Comparison,599,897
STL minmax_element,599,897
Linear Search,599,755
Pair Comparison,599,897
STL minmax_element,599,897
Linear Search,599,1196
Pair Comparison,599,897
STL minmax_element,599,896
Linear Search,237,466
Pair Comparison,237,354
STL minmax_element,237,354
Linear Search,237,464
Pair Comparison,237,354
STL minmax_element,237,354
Linear Search,237,471
Pair Comparison,237,354
STL minmax_element,237,354
Linear Search,237,464
Pair Comparison,237,354
STL minmax_element,237,354
Linear Search,237,466
Pair Comparison,237,354
STL minmax_element,237,354
Linear Search,237,468
Pair Comparison,237,354
STL minmax_element,237,354
Linear Search,237,470
Pair Comparison,237,354
STL minmax_element,237,354
Linear Search,237,466
Pair Comparison,237,354
STL minmax_element,237,354
Linear Search,237,262
Pair Comparison,237,354
STL minmax_element,237,354
Linear Search,237,472
Pair Comparison,237,354
STL minmax_element,237,353
Linear Search,446,885
Pair Comparison,446,667
STL minmax_element,446,667
Linear Search,446,886
Pair Comparison,446,667
STL minmax_element,446,667
Linear Search,446,887
Pair Comparison,446,667
STL minmax_element,446,667
Linear Search,446,882
Pair Comparison,446,667
STL minmax_element,446,667
Linear Search,446,885
Pair Comparison,446,667
STL minmax_element,446,667
Linear Search,446,885
Pair Comparison,446,667
STL minmax_element,446,667
Linear Search,446,881
Pair Comparison,446,667
STL minmax_element,446,667
Linear Search,446,885
Pair Comparison,446,667
STL minmax_element,446,667
Linear Search,446,526
Pair Comparison,446,667
STL minmax_element,446,667
Linear Search,446,890
Pair Comparison,446,667
STL minmax_element,446,667
Linear Search,267,530
Pair Comparison,267,399
STL minmax_element,267,399
Linear Search,267,529
Pair Comparison,267,399
STL minmax_element,267,399
Linear Search,267,524
Pair Comparison,267,399
STL minmax_element,267,399
Linear Search,267,529
Pair Comparison,267,399
STL minmax_element,267,399
Linear Search,267,527
Pair Comparison,267,399
STL minmax_element,267,399
Linear Search,267,520
Pair Comparison,267,399
STL minmax_element,267,399
Linear Search,267,529
Pair Comparison,267,399
STL minmax_element,267,399
Linear Search,267,522
Pair Comparison,267,399
STL minmax_element,267,399
Linear Search,267,302
Pair Comparison,267,399
STL minmax_element,267,399
Linear Search,267,532
Pair Comparison,267,399
STL minmax_element,267,398
Linear Search,488,969
Pair Comparison,488,730
STL minmax_element,488,730
Linear Search,488,972
Pair Comparison,488,730
STL minmax_element,488,730
Linear Search,488,965
Pair Comparison,488,730
STL minmax_element,488,730
Linear Search,488,968
Pair Comparison,488,730
STL minmax_element,488,730
Linear Search,488,968
Pair Comparison,488,730
STL minmax_element,488,730
Linear Search,488,967
Pair Comparison,488,730
STL minmax_element,488,730
Linear Search,488,971
Pair Comparison,488,730
STL minmax_element,488,730
Linear Search,488,970
Pair Comparison,488,730
STL minmax_element,488,730
Linear Search,488,592
Pair Comparison,488,730
STL minmax_element,488,730
Linear Search,488,974
Pair Comparison,488,730
STL minmax_element,488,730
Linear Search,226,445
Pair Comparison,226,337
STL minmax_element,226,337
Linear Search,226,446
Pair Comparison,226,337
STL minmax_element,226,337
Linear Search,226,448
Pair Comparison,226,337
STL minmax_element,226,337
Linear Search,226,446
Pair Comparison,226,337
STL minmax_element,226,337
Linear Search,226,445
Pair Comparison,226,337
STL minmax_element,226,337
Linear Search,226,445
Pair Comparison,226,337
STL minmax_element,226,337
Linear Search,226,449
Pair Comparison,226,337
STL minmax_element,226,337
Linear Search,226,446
Pair Comparison,226,337
STL minmax_element,226,337
Linear Search,226,248
Pair Comparison,226,337
STL minmax_element,226,337
Linear Search,226,450
Pair Comparison,226,337
STL minmax_element,226,337
Linear Search,728,1448
Pair Comparison,728,1090
STL minmax_element,728,1090
Linear Search,728,1448
Pair Comparison,728,1090
STL minmax_element,728,1090
Linear Search,728,1444
Pair Comparison,728,1090
STL minmax_element,728,1090
Linear Search,728,1448
Pair Comparison,728,1090
STL minmax_element,728,1090
Linear Search,728,1448
Pair Comparison,728,1090
STL minmax_element,728,1090
Linear Search,728,1450
Pair Comparison,728,1090
STL minmax_element,728,1090
Linear Search,728,1446
Pair Comparison,728,1090
STL minmax_element,728,1090
Linear Search,728,1447
Pair Comparison,728,1090
STL minmax_element,728,1090
Linear Search,728,936
Pair Comparison,728,1090
STL minmax_element,728,1090
Linear Search,728,1454
Pair Comparison,728,1090
STL minmax_element,728,1090
Linear Search,529,1053
Pair Comparison,529,792
STL minmax_element,529,792
Linear Search,529,1048
Pair Comparison,529,792
STL minmax_element,529,792
Linear Search,529,1044
Pair Comparison,529,792
STL minmax_element,529,792
Linear Search,529,1050
Pair Comparison,529,792
STL minmax_element,529,792
Linear Search,529,1045
Pair Comparison,529,792
STL minmax_element,529,792
Linear Search,529,1050
Pair Comparison,529,792
STL minmax_element,529,792
Linear Search,529,1050
Pair Comparison,529,792
STL minmax_element,529,792
Linear Search,529,1050
Pair Comparison,529,792
STL minmax_element,529,792
Linear Search,529,657
Pair Comparison,529,792
STL minmax_element,529,792
Linear Search,529,1056
Pair Comparison,529,792
STL minmax_element,529,791
Linear Search,645,1282
Pair Comparison,645,966
STL minmax_element,645,966
Linear Search,645,1282
Pair Comparison,645,966
STL minmax_element,645,966
Linear Search,645,1280
Pair Comparison,645,966
STL minmax_element,645,966
Linear Search,645,1285
Pair Comparison,645,966
STL minmax_element,645,966
Linear Search,645,1281
Pair Comparison,645,966
STL minmax_element,645,966
Linear Search,645,1279
Pair Comparison,645,966
STL minmax_element,645,966
Linear Search,645,1287
Pair Comparison,645,966
STL minmax_element,645,966
Linear Search,645,1283
Pair Comparison,645,966
STL minmax_element,645,966
Linear Search,645,813
Pair Comparison,645,966
STL minmax_element,645,966
Linear Search,645,1288
Pair Comparison,645,966
STL minmax_element,645,965
Linear Search,564,1122
Pair Comparison,564,844
STL minmax_element,564,844
Linear Search,564,1119
Pair Comparison,564,844
STL minmax_element,564,844
Linear Search,564,1123
Pair Comparison,564,844
STL minmax_element,564,844
Linear Search,564,1117
Pair Comparison,564,844
STL minmax_element,564,844
Linear Search,564,1119
Pair Comparison,564,844
STL minmax_element,564,844
Linear Search,564,1121
Pair Comparison,564,844
STL minmax_element,564,844
Linear Search,564,1120
Pair Comparison,564,844
STL minmax_element,564,844
Linear Search,564,1123
Pair Comparison,564,844
STL minmax_element,564,844
Linear Search,564,703
Pair Comparison,564,844
STL minmax_element,564,844
Linear Search,564,1126
Pair Comparison,564,844
STL minmax_element,564,844
Linear Search,848,1688
Pair Comparison,848,1270
STL minmax_element,848,1270
Linear Search,848,1691
Pair Comparison,848,1270
STL minmax_element,848,1270
Linear Search,848,1690
Pair Comparison,848,1270
STL minmax_element,848,1270
Linear Search,848,1687
Pair Comparison,848,1270
STL minmax_element,848,1270
Linear Search,848,1690
Pair Comparison,848,1270
STL minmax_element,848,1270
Linear Search,848,1687
Pair Comparison,848,1270
STL minmax_element,848,1270
Linear Search,848,1688
Pair Comparison,848,1270
STL minmax_element,848,1270
Linear Search,848,1688
Pair Comparison,848,1270
STL minmax_element,848,1270
Linear Search,848,1112
Pair Comparison,848,1270
STL minmax_element,848,1270
Linear Search,848,1694
Pair Comparison,848,1270
STL minmax_element,848,1270
Linear Search,586,1164
Pair Comparison,586,877
STL minmax_element,586,877
Linear Search,586,1160
Pair Comparison,586,877
STL minmax_element,586,877
Linear Search,586,1161
Pair Comparison,586,877
STL minmax_element,586,877
Linear Search,586,1162
Pair Comparison,586,877
STL minmax_element,586,877
Linear Search,586,1166
Pair Comparison,586,877
STL minmax_element,586,877
Linear Search,586,1162
Pair Comparison,586,877
STL minmax_element,586,877
Linear Search,586,1167
Pair Comparison,586,877
STL minmax_element,586,877
Linear Search,586,1163
Pair Comparison,586,877
STL minmax_element,586,877
Linear Search,586,736
Pair Comparison,586,877
STL minmax_element,586,877
Linear Search,586,1170
Pair Comparison,586,877
STL minmax_element,586,877
Linear Search,680,1348
Pair Comparison,680,1018
STL minmax_element,680,1018
Linear Search,680,1357
Pair Comparison,680,1018
STL minmax_element,680,1018
Linear Search,680,1354
Pair Comparison,680,1018
STL minmax_element,680,1018
Linear Search,680,1354
Pair Comparison,680,1018
STL minmax_element,680,1018
Linear Search,680,1357
Pair Comparison,680,1018
STL minmax_element,680,1018
Linear Search,680,1355
Pair Comparison,680,1018
STL minmax_element,680,1018
Linear Search,680,1354
Pair Comparison,680,1018
STL minmax_element,680,1018
Linear Search,680,1344
Pair Comparison,680,1018
STL minmax_element,680,1018
Linear Search,680,872
Pair Comparison,680,1018
STL minmax_element,680,1018
Linear Search,680,1358
Pair Comparison,680,1018
STL minmax_element,680,1018
Linear Search,771,1537
Pair Comparison,771,1155
STL minmax_element,771,1155
Linear Search,771,1529
Pair Comparison,771,1155
STL minmax_element,771,1155
Linear Search,771,1534
Pair Comparison,771,1155
STL minmax_element,771,1155
Linear Search,771,1535
Pair Comparison,771,1155
STL minmax_element,771,1155
Linear Search,771,1538
Pair Comparison,771,1155
STL minmax_element,771,1155
Linear Search,771,1533
Pair Comparison,771,1155
STL minmax_element,771,1155
Linear Search,771,1535
Pair Comparison,771,1155
STL minmax_element,771,1155
Linear Search,771,1539
Pair Comparison,771,1155
STL minmax_element,771,1155
Linear Search,771,1005
Pair Comparison,771,1155
STL minmax_element,771,1155
Linear Search,771,1540
Pair Comparison,771,1155
STL minmax_element,771,1154
Linear Search,701,1394
Pair Comparison,701,1050
STL minmax_element,701,1050
Linear Search,701,1396
Pair Comparison,701,1050
STL minmax_element,701,1050
Linear Search,701,1394
Pair Comparison,701,1050
STL minmax_element,701,1050
Linear Search,701,1395
Pair Comparison,701,1050
STL minmax_element,701,1050
Linear Search,701,1396
Pair Comparison,701,1050
STL minmax_element,701,1050
Linear Search,701,1393
Pair Comparison,701,1050
STL minmax_element,701,1050
Linear Search,701,1393
Pair Comparison,701,1050
STL minmax_element,701,1050
Linear Search,701,1396
Pair Comparison,701,1050
STL minmax_element,701,1050
Linear Search,701,899
Pair Comparison,701,1050
STL minmax_element,701,1050
Linear Search,701,1400
Pair Comparison,701,1050
STL minmax_element,701,1049
Linear Search,527,1046
Pair Comparison,527,789
STL minmax_element,527,789
Linear Search,527,1046
Pair Comparison,527,789
STL minmax_element,527,789
Linear Search,527,1045
Pair Comparison,527,789
STL minmax_element,527,789
Linear Search,527,1049
Pair Comparison,527,789
STL minmax_element,527,789
Linear Search,527,1047
Pair Comparison,527,789
STL minmax_element,527,789
Linear Search,527,1046
Pair Comparison,527,789
STL minmax_element,527,789
Linear Search,527,1048
Pair Comparison,527,789
STL minmax_element,527,789
Linear Search,527,1044
Pair Comparison,527,789
STL minmax_element,527,789
Linear Search,527,655
Pair Comparison,527,789
STL minmax_element,527,789
Linear Search,527,1052
Pair Comparison,527,789
STL minmax_element,527,788
Linear Search,319,631
Pair Comparison,319,477
STL minmax_element,319,477
Linear Search,319,625
Pair Comparison,319,477
STL minmax_element,319,477
Linear Search,319,632
Pair Comparison,319,477
STL minmax_element,319,477
Linear Search,319,634
Pair Comparison,319,477
STL minmax_element,319,477
Linear Search,319,627
Pair Comparison,319,477
STL minmax_element,319,477
Linear Search,319,627
Pair Comparison,319,477
STL minmax_element,319,477
Linear Search,319,634
Pair Comparison,319,477
STL minmax_element,319,477
Linear Search,319,629
Pair Comparison,319,477
STL minmax_element,319,477
Linear Search,319,361
Pair Comparison,319,477
STL minmax_element,319,477
Linear Search,319,636
Pair Comparison,319,477
STL minmax_element,319,476
Linear Search,270,533
Pair Comparison,270,403
STL minmax_element,270,403
Linear Search,270,536
Pair Comparison,270,403
STL minmax_element,270,403
Linear Search,270,533
Pair Comparison,270,403
STL minmax_element,270,403
Linear Search,270,533
Pair Comparison,270,403
STL minmax_element,270,403
Linear Search,270,532
Pair Comparison,270,403
STL minmax_element,270,403
Linear Search,270,532
Pair Comparison,270,403
STL minmax_element,270,403
Linear Search,270,530
Pair Comparison,270,403
STL minmax_element,270,403
Linear Search,270,533
Pair Comparison,270,403
STL minmax_element,270,403
Linear Search,270,304
Pair Comparison,270,403
STL minmax_element,270,403
Linear Search,270,538
Pair Comparison,270,403
STL minmax_element,270,403
Linear Search,816,1622
Pair Comparison,816,1222
STL minmax_element,816,1222
Linear Search,816,1623
Pair Comparison,816,1222
STL minmax_element,816,1222
Linear Search,816,1628
Pair Comparison,816,1222
STL minmax_element,816,1222
Linear Search,816,1624
Pair Comparison,816,1222
STL minmax_element,816,1222
Linear Search,816,1626
Pair Comparison,816,1222
STL minmax_element,816,1222
Linear Search,816,1624
Pair Comparison,816,1222
STL minmax_element,816,1222
Linear Search,816,1625
Pair Comparison,816,1222
STL minmax_element,816,1222
Linear Search,816,1623
Pair Comparison,816,1222
STL minmax_element,816,1222
Linear Search,816,1075
Pair Comparison,816,1222
STL minmax_element,816,1222
Linear Search,816,1630
Pair Comparison,816,1222
STL minmax_element,816,1222
Linear Search,368,730
Pair Comparison,368,550
STL minmax_element,368,550
Linear Search,368,730
Pair Comparison,368,550
STL minmax_element,368,550
Linear Search,368,731
Pair Comparison,368,550
STL minmax_element,368,550
Linear Search,368,730
Pair Comparison,368,550
STL minmax_element,368,550
Linear Search,368,730
Pair Comparison,368,550
STL minmax_element,368,550
Linear Search,368,725
Pair Comparison,368,550
STL minmax_element,368,550
Linear Search,368,726
Pair Comparison,368,550
STL minmax_element,368,550
Linear Search,368,727
Pair Comparison,368,550
STL minmax_element,368,550
Linear Search,368,427
Pair Comparison,368,550
STL minmax_element,368,550
Linear Search,368,734
Pair Comparison,368,550
STL minmax_element,368,550
Linear Search,556,1100
Pair Comparison,556,832
STL minmax_element,556,832
Linear Search,556,1105
Pair Comparison,556,832
STL minmax_element,556,832
Linear Search,556,1107
Pair Comparison,556,832
STL minmax_element,556,832
Linear Search,556,1101
Pair Comparison,556,832
STL minmax_element,556,832
Linear Search,556,1103
Pair Comparison,556,832
STL minmax_element,556,832
Linear Search,556,1106
Pair Comparison,556,832
STL minmax_element,556,832
Linear Search,556,1102
Pair Comparison,556,832
STL minmax_element,556,832
Linear Search,556,1105
Pair Comparison,556,832
STL minmax_element,556,832
Linear Search,556,678
Pair Comparison,556,832
STL minmax_element,556,832
Linear Search,556,1110
Pair Comparison,556,832
STL minmax_element,556,832
Linear Search,92,177
Pair Comparison,92,136
STL minmax_element,92,136
Linear Search,92,178
Pair Comparison,92,136
STL minmax_element,92,136
Linear Search,92,179
Pair Comparison,92,136
STL minmax_element,92,136
Linear Search,92,178
Pair Comparison,92,136
STL minmax_element,92,136
Linear Search,92,175
Pair Comparison,92,136
STL minmax_element,92,136
Linear Search,92,180
Pair Comparison,92,136
STL minmax_element,92,136
Linear Search,92,180
Pair Comparison,92,136
STL minmax_element,92,136
Linear Search,92,180
Pair Comparison,92,136
STL minmax_element,92,136
Linear Search,92,95
Pair Comparison,92,136
STL minmax_element,92,136
Linear Search,92,182
Pair Comparison,92,136
STL minmax_element,92,136
Linear Search,300,593
Pair Comparison,300,448
STL minmax_element,300,448
Linear Search,300,595
Pair Comparison,300,448
STL minmax_element,300,448
Linear Search,300,591
Pair Comparison,300,448
STL minmax_element,300,448
Linear Search,300,592
Pair Comparison,300,448
STL minmax_element,300,448
Linear Search,300,593
Pair Comparison,300,448
STL minmax_element,300,448
Linear Search,300,595
Pair Comparison,300,448
STL minmax_element,300,448
Linear Search,300,593
Pair Comparison,300,448
STL minmax_element,300,448
Linear Search,300,590
Pair Comparison,300,448
STL minmax_element,300,448
Linear Search,300,339
Pair Comparison,300,448
STL minmax_element,300,448
Linear Search,300,598
Pair Comparison,300,448
STL minmax_element,300,448
Linear Search,658,1310
Pair Comparison,658,985
STL minmax_element,658,985
Linear Search,658,1308
Pair Comparison,658,985
STL minmax_element,658,985
Linear Search,658,1307
Pair Comparison,658,985
STL minmax_element,658,985
Linear Search,658,1306
Pair Comparison,658,985
STL minmax_element,658,985
Linear Search,658,1309
Pair Comparison,658,985
STL minmax_element,658,985
Linear Search,658,1307
Pair Comparison,658,985
STL minmax_element,658,985
Linear Search,658,1307
Pair Comparison,658,985
STL minmax_element,658,985
Linear Search,658,1310
Pair Comparison,658,985
STL minmax_element,658,985
Linear Search,658,837
Pair Comparison,658,985
STL minmax_element,658,985
Linear Search,658,1314
Pair Comparison,658,985
STL minmax_element,658,985
Linear Search,553,1095
Pair Comparison,553,828
STL minmax_element,553,828
Linear Search,553,1102
Pair Comparison,553,828
STL minmax_element,553,828
Linear Search,553,1099
Pair Comparison,553,828
STL minmax_element,553,828
Linear Search,553,1097
Pair Comparison,553,828
STL minmax_element,553,828
Linear Search,553,1098
Pair Comparison,553,828
STL minmax_element,553,828
Linear Search,553,1097
Pair Comparison,553,828
STL minmax_element,553,828
Linear Search,553,1099
Pair Comparison,553,828
STL minmax_element,553,828
Linear Search,553,1096
Pair Comparison,553,828
STL minmax_element,553,828
Linear Search,553,673
Pair Comparison,553,828
STL minmax_element,553,828
Linear Search,553,1104
Pair Comparison,553,828
STL minmax_element,553,827
Linear Search,281,555
Pair Comparison,281,420
STL minmax_element,281,420
Linear Search,281,556
Pair Comparison,281,420
STL minmax_element,281,420
Linear Search,281,556
Pair Comparison,281,420
STL minmax_element,281,420
Linear Search,281,556
Pair Comparison,281,420
STL minmax_element,281,420
Linear Search,281,555
Pair Comparison,281,420
STL minmax_element,281,420
Linear Search,281,558
Pair Comparison,281,420
STL minmax_element,281,420
Linear Search,281,554
Pair Comparison,281,420
STL minmax_element,281,420
Linear Search,281,557
Pair Comparison,281,420
STL minmax_element,281,420
Linear Search,281,315
Pair Comparison,281,420
STL minmax_element,281,420
Linear Search,281,560
Pair Comparison,281,420
STL minmax_element,281,419
Linear Search,627,1248
Pair Comparison,627,939
STL minmax_element,627,939
Linear Search,627,1241
Pair Comparison,627,939
STL minmax_element,627,939
Linear Search,627,1247
Pair Comparison,627,939
STL minmax_element,627,939
Linear Search,627,1249
Pair Comparison,627,939
STL minmax_element,627,939
Linear Search,627,1246
Pair Comparison,627,939
STL minmax_element,627,939
Linear Search,627,1250
Pair Comparison,627,939
STL minmax_element,627,939
Linear Search,627,1245
Pair Comparison,627,939
STL minmax_element,627,939
Linear Search,627,1247
Pair Comparison,627,939
STL minmax_element,627,939
Linear Search,627,791
Pair Comparison,627,939
STL minmax_element,627,939
Linear Search,627,1252
Pair Comparison,627,939
STL minmax_element,627,938
Linear Search,728,1449
Pair Comparison,728,1090
STL minmax_element,728,1090
Linear Search,728,1451
Pair Comparison,728,1090
STL minmax_element,728,1090
Linear Search,728,1446
Pair Comparison,728,1090
STL minmax_element,728,1090
Linear Search,728,1449
Pair Comparison,728,1090
STL minmax_element,728,1090
Linear Search,728,1450
Pair Comparison,728,1090
STL minmax_element,728,1090
Linear Search,728,1450
Pair Comparison,728,1090
STL minmax_element,728,1090
Linear Search,728,1452
Pair Comparison,728,1090
STL minmax_element,728,1090
Linear Search,728,1451
Pair Comparison,728,1090
STL minmax_element,728,1090
Linear Search,728,937
Pair Comparison,728,1090
STL minmax_element,728,1090
Linear Search,728,1454
Pair Comparison,728,1090
STL minmax_element,728,1090
Linear Search,290,574
Pair Comparison,290,433
STL minmax_element,290,433
Linear Search,290,573
Pair Comparison,290,433
STL minmax_element,290,433
Linear Search,290,571
Pair Comparison,290,433
STL minmax_element,290,433
Linear Search,290,573
Pair Comparison,290,433
STL minmax_element,290,433
Linear Search,290,574
Pair Comparison,290,433
STL minmax_element,290,433
Linear Search,290,576
Pair Comparison,290,433
STL minmax_element,290,433
Linear Search,290,575
Pair Comparison,290,433
STL minmax_element,290,433
Linear Search,290,576
Pair Comparison,290,433
STL minmax_element,290,433
Linear Search,290,328
Pair Comparison,290,433
STL minmax_element,290,433
Linear Search,290,578
Pair Comparison,290,433
STL minmax_element,290,433
Linear Search,971,1933
Pair Comparison,971,1455
STL minmax_element,971,1455
Linear Search,971,1934
Pair Comparison,971,1455
STL minmax_element,971,1455
Linear Search,971,1936
Pair Comparison,971,1455
STL minmax_element,971,1455
Linear Search,971,1931
Pair Comparison,971,1455
STL minmax_element,971,1455
Linear Search,971,1934
Pair Comparison,971,1455
STL minmax_element,971,1455
Linear Search,971,1930
Pair Comparison,971,1455
STL minmax_element,971,1455
Linear Search,971,1936
Pair Comparison,971,1455
STL minmax_element,971,1455
Linear Search,971,1930
Pair Comparison,971,1455
STL minmax_element,971,1455
Linear Search,971,1322
Pair Comparison,971,1455
STL minmax_element,971,1455
Linear Search,971,1940
Pair Comparison,971,1455
STL minmax_element,971,1455
Linear Search,295,583
Pair Comparison,295,441
STL minmax_element,295,441
Linear Search,295,580
Pair Comparison,295,441
STL minmax_element,295,441
Linear Search,295,583
Pair Comparison,295,441
STL minmax_element,295,441
Linear Search,295,583
Pair Comparison,295,441
STL minmax_element,295,441
Linear Search,295,584
Pair Comparison,295,441
STL minmax_element,295,441
Linear Search,295,582
Pair Comparison,295,441
STL minmax_element,295,441
Linear Search,295,583
Pair Comparison,295,441
STL minmax_element,295,441
Linear Search,295,584
Pair Comparison,295,441
STL minmax_element,295,441
Linear Search,295,331
Pair Comparison,295,441
STL minmax_element,295,441
Linear Search,295,588
Pair Comparison,295,441
STL minmax_element,295,440
Linear Search,338,670
Pair Comparison,338,505
STL minmax_element,338,505
Linear Search,338,670
Pair Comparison,338,505
STL minmax_element,338,505
Linear Search,338,672
Pair Comparison,338,505
STL minmax_element,338,505
Linear Search,338,667
Pair Comparison,338,505
STL minmax_element,338,505
Linear Search,338,669
Pair Comparison,338,505
STL minmax_element,338,505
Linear Search,338,670
Pair Comparison,338,505
STL minmax_element,338,505
Linear Search,338,671
Pair Comparison,338,505
STL minmax_element,338,505
Linear Search,338,669
Pair Comparison,338,505
STL minmax_element,338,505
Linear Search,338,382
Pair Comparison,338,505
STL minmax_element,338,505
Linear Search,338,674
Pair Comparison,338,505
STL minmax_element,338,505
Linear Search,693,1381
Pair Comparison,693,1038
STL minmax_element,693,1038
Linear Search,693,1376
Pair Comparison,693,1038
STL minmax_element,693,1038
Linear Search,693,1382
Pair Comparison,693,1038
STL minmax_element,693,1038
Linear Search,693,1382
Pair Comparison,693,1038
STL minmax_element,693,1038
Linear Search,693,1379
Pair Comparison,693,1038
STL minmax_element,693,1038
Linear Search,693,1382
Pair Comparison,693,1038
STL minmax_element,693,1038
Linear Search,693,1381
Pair Comparison,693,1038
STL minmax_element,693,1038
Linear Search,693,1376
Pair Comparison,693,1038
STL minmax_element,693,1038
Linear Search,693,903
Pair Comparison,693,1038
STL minmax_element,693,1038
Linear Search,693,1384
Pair Comparison,693,1038
STL minmax_element,693,1037
Linear Search,598,1193
Pair Comparison,598,895
STL minmax_element,598,895
Linear Search,598,1189
Pair Comparison,598,895
STL minmax_element,598,895
Linear Search,598,1184
Pair Comparison,598,895
STL minmax_element,598,895
Linear Search,598,1188
Pair Comparison,598,895
STL minmax_element,598,895
Linear Search,598,1188
Pair Comparison,598,895
STL minmax_element,598,895
Linear Search,598,1190
Pair Comparison,598,895
STL minmax_element,598,895
Linear Search,598,1187
Pair Comparison,598,895
STL minmax_element,598,895
Linear Search,598,1186
Pair Comparison,598,895
STL minmax_element,598,895
Linear Search,598,735
Pair Comparison,598,895
STL minmax_element,598,895
Linear Search,598,1194
Pair Comparison,598,895
STL minmax_element,598,895
Linear Search,838,1668
Pair Comparison,838,1255
STL minmax_element,838,1255
Linear Search,838,1668
Pair Comparison,838,1255
STL minmax_element,838,1255
Linear Search,838,1671
Pair Comparison,838,1255
STL minmax_element,838,1255
Linear Search,838,1671
Pair Comparison,838,1255
STL minmax_element,838,1255
Linear Search,838,1671
Pair Comparison,838,1255
STL minmax_element,838,1255
Linear Search,838,1670
Pair Comparison,838,1255
STL minmax_element,838,1255
Linear Search,838,1671
Pair Comparison,838,1255
STL minmax_element,838,1255
Linear Search,838,1672
Pair Comparison,838,1255
STL minmax_element,838,1255
Linear Search,838,1104
Pair Comparison,838,1255
STL minmax_element,838,1255
Linear Search,838,1674
Pair Comparison,838,1255
STL minmax_element,838,1255
Linear Search,54,101
Pair Comparison,54,79
STL minmax_element,54,79
Linear Search,54,102
Pair Comparison,54,79
STL minmax_element,54,79
Linear Search,54,103
Pair Comparison,54,79
STL minmax_element,54,79
Linear Search,54,101
Pair Comparison,54,79
STL minmax_element,54,79
Linear Search,54,101
Pair Comparison,54,79
STL minmax_element,54,79
Linear Search,54,104
Pair Comparison,54,79
STL minmax_element,54,79
Linear Search,54,103
Pair Comparison,54,79
STL minmax_element,54,79
Linear Search,54,103
Pair Comparison,54,79
STL minmax_element,54,79
Linear Search,54,55
Pair Comparison,54,79
STL minmax_element,54,79
Linear Search,54,106
Pair Comparison,54,79
STL minmax_element,54,79
Linear Search,431,856
Pair Comparison,431,645
STL minmax_element,431,645
Linear Search,431,854
Pair Comparison,431,645
STL minmax_element,431,645
Linear Search,431,857
Pair Comparison,431,645
STL minmax_element,431,645
Linear Search,431,849
Pair Comparison,431,645
STL minmax_element,431,645
Linear Search,431,856
Pair Comparison,431,645
STL minmax_element,431,645
Linear Search,431,855
Pair Comparison,431,645
STL minmax_element,431,645
Linear Search,431,855
Pair Comparison,431,645
STL minmax_element,431,645
Linear Search,431,853
Pair Comparison,431,645
STL minmax_element,431,645
Linear Search,431,509
Pair Comparison,431,645
STL minmax_element,431,645
Linear Search,431,860
Pair Comparison,431,645
STL minmax_element,431,644
Linear Search,558,1108
Pair Comparison,558,835
STL minmax_element,558,835
Linear Search,558,1106
Pair Comparison,558,835
STL minmax_element,558,835
Linear Search,558,1108
Pair Comparison,558,835
STL minmax_element,558,835
Linear Search,558,1105
Pair Comparison,558,835
STL minmax_element,558,835
Linear Search,558,1107
Pair Comparison,558,835
STL minmax_element,558,835
Linear Search,558,1108
Pair Comparison,558,835
STL minmax_element,558,835
Linear Search,558,1104
Pair Comparison,558,835
STL minmax_element,558,835
Linear Search,558,1108
Pair Comparison,558,835
STL minmax_element,558,835
Linear Search,558,690
Pair Comparison,558,835
STL minmax_element,558,835
Linear Search,558,1114
Pair Comparison,558,835
STL minmax_element,558,835
Linear Search,77,147
Pair Comparison,77,114
STL minmax_element,77,114
Linear Search,77,149
Pair Comparison,77,114
STL minmax_element,77,114
Linear Search,77,148
Pair Comparison,77,114
STL minmax_element,77,114
Linear Search,77,145
Pair Comparison,77,114
STL minmax_element,77,114
Linear Search,77,151
Pair Comparison,77,114
STL minmax_element,77,114
Linear Search,77,149
Pair Comparison,77,114
STL minmax_element,77,114
Linear Search,77,146
Pair Comparison,77,114
STL minmax_element,77,114
Linear Search,77,147
Pair Comparison,77,114
STL minmax_element,77,114
Linear Search,77,79
Pair Comparison,77,114
STL minmax_element,77,114
Linear Search,77,152
Pair Comparison,77,114
STL minmax_element,77,113
Linear Search,525,1045
Pair Comparison,525,786
STL minmax_element,525,786
Linear Search,525,1043
Pair Comparison,525,786
STL minmax_element,525,786
Linear Search,525,1045
Pair Comparison,525,786
STL minmax_element,525,786
Linear Search,525,1043
Pair Comparison,525,786
STL minmax_element,525,786
Linear Search,525,1041
Pair Comparison,525,786
STL minmax_element,525,786
Linear Search,525,1046
Pair Comparison,525,786
STL minmax_element,525,786
Linear Search,525,1046
Pair Comparison,525,786
STL minmax_element,525,786
Linear Search,525,1043
Pair Comparison,525,786
STL minmax_element,525,786
Linear Search,525,645
Pair Comparison,525,786
STL minmax_element,525,786
Linear Search,525,1048
Pair Comparison,525,786
STL minmax_element,525,785
Linear Search,588,1170
Pair Comparison,588,880
STL minmax_element,588,880
Linear Search,588,1168
Pair Comparison,588,880
STL minmax_element,588,880
Linear Search,588,1165
Pair Comparison,588,880
STL minmax_element,588,880
Linear Search,588,1167
Pair Comparison,588,880
STL minmax_element,588,880
Linear Search,588,1165
Pair Comparison,588,880
STL minmax_element,588,880
Linear Search,588,1167
Pair Comparison,588,880
STL minmax_element,588,880
Linear Search,588,1166
Pair Comparison,588,880
STL minmax_element,588,880
Linear Search,588,1165
Pair Comparison,588,880
STL minmax_element,588,880
Linear Search,588,731
Pair Comparison,588,880
STL minmax_element,588,880
Linear Search,588,1174
Pair Comparison,588,880
STL minmax_element,588,880
Linear Search,679,1349
Pair Comparison,679,1017
STL minmax_element,679,1017
Linear Search,679,1350
Pair Comparison,679,1017
STL minmax_element,679,1017
Linear Search,679,1350
Pair Comparison,679,1017
STL minmax_element,679,1017
Linear Search,679,1348
Pair Comparison,679,1017
STL minmax_element,679,1017
Linear Search,679,1349
Pair Comparison,679,1017
STL minmax_element,679,1017
Linear Search,679,1352
Pair Comparison,679,1017
STL minmax_element,679,1017
Linear Search,679,1351
Pair Comparison,679,1017
STL minmax_element,679,1017
Linear Search,679,1355
Pair Comparison,679,1017
STL minmax_element,679,1017
Linear Search,679,871
Pair Comparison,679,1017
STL minmax_element,679,1017
Linear Search,679,1356
Pair Comparison,679,1017
STL minmax_element,679,1016
Linear Search,581,1155
Pair Comparison,581,870
STL minmax_element,581,870
Linear Search,581,1153
Pair Comparison,581,870
STL minmax_element,581,870
Linear Search,581,1158
Pair Comparison,581,870
STL minmax_element,581,870
Linear Search,581,1158
Pair Comparison,581,870
STL minmax_element,581,870
Linear Search,581,1157
Pair Comparison,581,870
STL minmax_element,581,870
Linear Search,581,1154
Pair Comparison,581,870
STL minmax_element,581,870
Linear Search,581,1150
Pair Comparison,581,870
STL minmax_element,581,870
Linear Search,581,1156
Pair Comparison,581,870
STL minmax_element,581,870
Linear Search,581,733
Pair Comparison,581,870
STL minmax_element,581,870
Linear Search,581,1160
Pair Comparison,581,870
STL minmax_element,581,869
Linear Search,512,1016
Pair Comparison,512,766
STL minmax_element,512,766
Linear Search,512,1014
Pair Comparison,512,766
STL minmax_element,512,766
Linear Search,512,1017
Pair Comparison,512,766
STL minmax_element,512,766
Linear Search,512,1018
Pair Comparison,512,766
STL minmax_element,512,766
Linear Search,512,1016
Pair Comparison,512,766
STL minmax_element,512,766
Linear Search,512,1017
Pair Comparison,512,766
STL minmax_element,512,766
Linear Search,512,1018
Pair Comparison,512,766
STL minmax_element,512,766
Linear Search,512,1018
Pair Comparison,512,766
STL minmax_element,512,766
Linear Search,512,622
Pair Comparison,512,766
STL minmax_element,512,766
Linear Search,512,1022
Pair Comparison,512,766
STL minmax_element,512,766
Linear Search,209,414
Pair Comparison,209,312
STL minmax_element,209,312
Linear Search,209,411
Pair Comparison,209,312
STL minmax_element,209,312
Linear Search,209,410
Pair Comparison,209,312
STL minmax_element,209,312
Linear Search,209,410
Pair Comparison,209,312
STL minmax_element,209,312
Linear Search,209,414
Pair Comparison,209,312
STL minmax_element,209,312
Linear Search,209,414
Pair Comparison,209,312
STL minmax_element,209,312
Linear Search,209,410
Pair Comparison,209,312
STL minmax_element,209,312
Linear Search,209,411
Pair Comparison,209,312
STL minmax_element,209,312
Linear Search,209,228
Pair Comparison,209,312
STL minmax_element,209,312
Linear Search,209,416
Pair Comparison,209,312
STL minmax_element,209,311
Linear Search,723,1437
Pair Comparison,723,1083
STL minmax_element,723,1083
Linear Search,723,1437
Pair Comparison,723,1083
STL minmax_element,723,1083
Linear Search,723,1439
Pair Comparison,723,1083
STL minmax_element,723,1083
Linear Search,723,1439
Pair Comparison,723,1083
STL minmax_element,723,1083
Linear Search,723,1440
Pair Comparison,723,1083
STL minmax_element,723,1083
Linear Search,723,1436
Pair Comparison,723,1083
STL minmax_element,723,1083
Linear Search,723,1436
Pair Comparison,723,1083
STL minmax_element,723,1083
Linear Search,723,1440
Pair Comparison,723,1083
STL minmax_element,723,1083
Linear Search,723,923
Pair Comparison,723,1083
STL minmax_element,723,1083
Linear Search,723,1444
Pair Comparison,723,1083
STL minmax_element,723,1082
Linear Search,905,1804
Pair Comparison,905,1356
STL minmax_element,905,1356
Linear Search,905,1799
Pair Comparison,905,1356
STL minmax_element,905,1356
Linear Search,905,1807
Pair Comparison,905,1356
STL minmax_element,905,1356
Linear Search,905,1801
Pair Comparison,905,1356
STL minmax_element,905,1356
Linear Search,905,1800
Pair Comparison,905,1356
STL minmax_element,905,1356
Linear Search,905,1800
Pair Comparison,905,1356
STL minmax_element,905,1356
Linear Search,905,1800
Pair Comparison,905,1356
STL minmax_element,905,1356
Linear Search,905,1801
Pair Comparison,905,1356
STL minmax_element,905,1356
Linear Search,905,1225
Pair Comparison,905,1356
STL minmax_element,905,1356
Linear Search,905,1808
Pair Comparison,905,1356
STL minmax_element,905,1355
Linear Search,888,1767
Pair Comparison,888,1330
STL minmax_element,888,1330
Linear Search,888,1768
Pair Comparison,888,1330
STL minmax_element,888,1330
Linear Search,888,1770
Pair Comparison,888,1330
STL minmax_element,888,1330
Linear Search,888,1768
Pair Comparison,888,1330
STL minmax_element,888,1330
Linear Search,888,1762
Pair Comparison,888,1330
STL minmax_element,888,1330
Linear Search,888,1770
Pair Comparison,888,1330
STL minmax_element,888,1330
Linear Search,888,1769
Pair Comparison,888,1330
STL minmax_element,888,1330
Linear Search,888,1768
Pair Comparison,888,1330
STL minmax_element,888,1330
Linear Search,888,1202
Pair Comparison,888,1330
STL minmax_element,888,1330
Linear Search,888,1774
Pair Comparison,888,1330
STL minmax_element,888,1330
Linear Search,621,1235
Pair Comparison,621,930
STL minmax_element,621,930
Linear Search,621,1235
Pair Comparison,621,930
STL minmax_element,621,930
Linear Search,621,1234
Pair Comparison,621,930
STL minmax_element,621,930
Linear Search,621,1236
Pair Comparison,621,930
STL minmax_element,621,930
Linear Search,621,1233
Pair Comparison,621,930
STL minmax_element,621,930
Linear Search,621,1232
Pair Comparison,621,930
STL minmax_element,621,930
Linear Search,621,1238
Pair Comparison,621,930
STL minmax_element,621,930
Linear Search,621,1231
Pair Comparison,621,930
STL minmax_element,621,930
Linear Search,621,771
Pair Comparison,621,930
STL minmax_element,621,930
Linear Search,621,1240
Pair Comparison,621,930
STL minmax_element,621,929
Linear Search,573,1137
Pair Comparison,573,858
STL minmax_element,573,858
Linear Search,573,1139
Pair Comparison,573,858
STL minmax_element,573,858
Linear Search,573,1140
Pair Comparison,573,858
STL minmax_element,573,858
Linear Search,573,1135
Pair Comparison,573,858
STL minmax_element,573,858
Linear Search,573,1139
Pair Comparison,573,858
STL minmax_element,573,858
Linear Search,573,1139
Pair Comparison,573,858
STL minmax_element,573,858
Linear Search,573,1139
Pair Comparison,573,858
STL minmax_element,573,858
Linear Search,573,1142
Pair Comparison,573,858
STL minmax_element,573,858
Linear Search,573,703
Pair Comparison,573,858
STL minmax_element,573,858
Linear Search,573,1144
Pair Comparison,573,858
STL minmax_element,573,857
Linear Search,280,552
Pair Comparison,280,418
STL minmax_element,280,418
Linear Search,280,553
Pair Comparison,280,418
STL minmax_element,280,418
Linear Search,280,555
Pair Comparison,280,418
STL minmax_element,280,418
Linear Search,280,553
Pair Comparison,280,418
STL minmax_element,280,418
Linear Search,280,549
Pair Comparison,280,418
STL minmax_element,280,418
Linear Search,280,555
Pair Comparison,280,418
STL minmax_element,280,418
Linear Search,280,551
Pair Comparison,280,418
STL minmax_element,280,418
Linear Search,280,548
Pair Comparison,280,418
STL minmax_element,280,418
Linear Search,280,322
Pair Comparison,280,418
STL minmax_element,280,418
Linear Search,280,558
Pair Comparison,280,418
STL minmax_element,280,418
Linear Search,471,935
Pair Comparison,471,705
STL minmax_element,471,705
Linear Search,471,935
Pair Comparison,471,705
STL minmax_element,471,705
Linear Search,471,931
Pair Comparison,471,705
STL minmax_element,471,705
Linear Search,471,937
Pair Comparison,471,705
STL minmax_element,471,705
Linear Search,471,936
Pair Comparison,471,705
STL minmax_element,471,705
Linear Search,471,936
Pair Comparison,471,705
STL minmax_element,471,705
Linear Search,471,939
Pair Comparison,471,705
STL minmax_element,471,705
Linear Search,471,930
Pair Comparison,471,705
STL minmax_element,471,705
Linear Search,471,577
Pair Comparison,471,705
STL minmax_element,471,705
Linear Search,471,940
Pair Comparison,471,705
STL minmax_element,471,704
Linear Search,286,567
Pair Comparison,286,427
STL minmax_element,286,427
Linear Search,286,562
Pair Comparison,286,427
STL minmax_element,286,427
Linear Search,286,563
Pair Comparison,286,427
STL minmax_element,286,427
Linear Search,286,563
Pair Comparison,286,427
STL minmax_element,286,427
Linear Search,286,564
Pair Comparison,286,427
STL minmax_element,286,427
Linear Search,286,567
Pair Comparison,286,427
STL minmax_element,286,427
Linear Search,286,567
Pair Comparison,286,427
STL minmax_element,286,427
Linear Search,286,564
Pair Comparison,286,427
STL minmax_element,286,427
Linear Search,286,311
Pair Comparison,286,427
STL minmax_element,286,427
Linear Search,286,570
Pair Comparison,286,427
STL minmax_element,286,427
